<?xml version='1.0' encoding='UTF-8'?>
<?artifactRepository version='1.1.0'?>
<repository name='file:/C:/Users/kbhoir/AnypointStudio/Nov/string-world-connector/target/update-site/ - artifacts' type='org.eclipse.equinox.p2.artifact.repository.simpleRepository' version='1'>
  <properties size='2'>
    <property name='p2.timestamp' value='1510645850435'/>
    <property name='p2.compressed' value='false'/>
  </properties>
  <mappings size='3'>
    <rule filter='(&amp; (classifier=osgi.bundle))' output='${repoUrl}/plugins/${id}_${version}.jar'/>
    <rule filter='(&amp; (classifier=binary))' output='${repoUrl}/binary/${id}_${version}'/>
    <rule filter='(&amp; (classifier=org.eclipse.update.feature))' output='${repoUrl}/features/${id}_${version}.jar'/>
  </mappings>
  <artifacts size='2'>
    <artifact classifier='osgi.bundle' id='org.mule.tooling.ui.contribution.string-world.3.5.0' version='1.0.0.201711141320'>
      <properties size='3'>
        <property name='artifact.size' value='461141'/>
        <property name='download.size' value='461141'/>
        <property name='download.md5' value='890518d8e0b16ec48ad14a615bce58bc'/>
      </properties>
    </artifact>
    <artifact classifier='org.eclipse.update.feature' id='org.mule.tooling.ui.extension.string-world-connector.3.5.0' version='1.0.0.201711141320'>
      <properties size='4'>
        <property name='artifact.size' value='651'/>
        <property name='download.size' value='651'/>
        <property name='download.md5' value='cd0476a850afec845c58b662286acc45'/>
        <property name='download.contentType' value='application/zip'/>
      </properties>
    </artifact>
  </artifacts>
</repository>
